Name	Class
000000	beta
000001	gamma
000002	gamma
000003	beta
000004	beta
000005	gamma
000006	beta
000007	beta
000008	beta
000009	beta
000010	beta
000011	beta
000012	beta
000013	beta
000014	proton
000015	beta
000016	beta
000017	beta
000018	gamma
000019	proton
000020	beta
000021	proton
000022	beta
000023	beta
000024	beta
000025	beta
000026	gamma
000027	proton
000028	beta
000029	beta
000030	gamma
000031	gamma
000032	gamma
000033	beta
000034	beta
000035	alpha
000036	beta
000037	beta
000038	muon
000039	gamma
000040	proton
000041	others
000042	gamma
000043	others
000044	beta
000045	proton
000046	beta
000047	beta
000048	gamma
000049	beta
000050	beta
000051	gamma
000052	gamma
000053	beta
000054	proton
000055	gamma
000056	gamma
000057	gamma
000058	gamma
000059	gamma
000060	gamma
000061	beta
000062	beta
000063	beta
000064	gamma
000065	beta
000066	gamma
000067	beta
000068	beta
000069	proton
000070	beta
000071	gamma
000072	beta
000073	beta
000074	gamma
000075	beta
000076	alpha
000077	gamma
000078	beta
000079	beta
000080	gamma
000081	gamma
000082	beta
000083	gamma
000084	beta
000085	beta
000086	beta
000087	beta
000088	beta
000089	others
000090	beta
000091	beta
000092	gamma
000093	beta
000094	beta
000095	gamma
000096	gamma
000097	gamma
000098	beta
000099	beta
000100	beta
000101	beta
000102	beta
000103	gamma
000104	gamma
000105	proton
000106	beta
000107	beta
000108	beta
000109	beta
000110	beta
000111	beta
000112	beta
000113	gamma
000114	gamma
000115	beta
000116	beta
000117	beta
000118	gamma
000119	beta
000120	gamma
000121	proton
000122	beta
000123	others
000124	beta
000125	gamma
000126	gamma
000127	gamma
000128	beta
000129	beta
000130	beta
000131	proton
000132	beta
000133	beta
000134	gamma
000135	beta
000136	beta
000137	gamma
000138	gamma
000139	beta
000140	gamma
000141	proton
000142	beta
000143	gamma
000144	beta
000145	beta
000146	beta
000147	beta
000148	beta
000149	beta
000150	beta
000151	proton
000152	gamma
000153	beta
000154	beta
000155	gamma
000156	beta
000157	beta
000158	beta
000159	beta
000160	gamma
000161	beta
000162	gamma
000163	gamma
000164	beta
000165	gamma
000166	beta
000167	beta
000168	beta
000169	gamma
000170	gamma
000171	proton
000172	gamma
000173	gamma
000174	beta
000175	beta
000176	beta
000177	proton
000178	gamma
000179	gamma
000180	beta
000181	gamma
000182	beta
000183	beta
000184	gamma
000185	beta
000186	gamma
000187	beta
000188	beta
000189	beta
000190	gamma
000191	beta
000192	beta
000193	gamma
000194	proton
000195	beta
000196	gamma
000197	gamma
000198	gamma
000199	gamma
000200	beta
000201	beta
000202	beta
000203	gamma
000204	beta
000205	beta
000206	proton
000207	beta
000208	beta
000209	beta
000210	beta
000211	gamma
000212	gamma
000213	beta
000214	muon
000215	gamma
000216	beta
000217	beta
000218	beta
000219	gamma
000220	beta
000221	beta
000222	gamma
000223	beta
000224	proton
000225	gamma
000226	beta
000227	beta
000228	beta
000229	beta
000230	others
000231	gamma
000232	beta
000233	beta
000234	beta
000235	others
000236	beta
000237	beta
000238	beta
000239	beta
000240	beta
000241	beta
000242	gamma
000243	beta
000244	proton
000245	gamma
000246	gamma
000247	proton
000248	beta
000249	gamma
000250	gamma
000251	gamma
000252	beta
000253	beta
000254	gamma
000255	beta
000256	gamma
000257	beta
000258	beta
000259	beta
000260	gamma
000261	beta
000262	beta
000263	beta
000264	gamma
000265	beta
000266	beta
000267	proton
000268	beta
000269	proton
000270	beta
000271	gamma
000272	gamma
000273	gamma
000274	beta
000275	beta
000276	gamma
000277	gamma
000278	beta
000279	beta
000280	beta
000281	gamma
000282	beta
000283	beta
000284	beta
000285	beta
000286	beta
000287	beta
000288	beta
000289	others
000290	beta
000291	beta
000292	gamma
000293	beta
000294	muon
000295	muon
000296	beta
000297	beta
000298	alpha
000299	beta
000300	beta
000301	gamma
000302	beta
000303	beta
000304	gamma
000305	muon
000306	beta
000307	gamma
000308	gamma
000309	gamma
000310	beta
000311	beta
000312	gamma
000313	gamma
000314	beta
000315	proton
000316	gamma
000317	beta
000318	gamma
000319	muon
000320	proton
000321	gamma
000322	alpha
000323	beta
000324	beta
000325	beta
000326	beta
000327	beta
000328	beta
000329	gamma
000330	gamma
000331	beta
000332	beta
000333	beta
000334	beta
000335	beta
000336	alpha
000337	beta
000338	beta
000339	gamma
000340	beta
000341	beta
000342	proton
000343	beta
000344	beta
000345	gamma
000346	beta
000347	others
000348	gamma
000349	beta
000350	gamma
000351	gamma
000352	gamma
000353	gamma
000354	beta
000355	gamma
000356	beta
000357	others
000358	proton
000359	beta
000360	gamma
000361	beta
000362	others
000363	gamma
000364	gamma
000365	beta
000366	beta
000367	gamma
000368	beta
000369	proton
000370	others
000371	gamma
000372	others
000373	beta
000374	gamma
000375	beta
000376	gamma
000377	gamma
000378	others
000379	gamma
000380	beta
000381	beta
000382	beta
000383	gamma
000384	gamma
000385	gamma
000386	beta
000387	beta
000388	beta
000389	gamma
000390	muon
000391	gamma
000392	beta
000393	beta
000394	beta
000395	beta
000396	beta
000397	beta
000398	gamma
000399	beta
000400	beta
000401	gamma
000402	beta
000403	alpha
000404	gamma
000405	beta
000406	proton
000407	others
000408	beta
000409	gamma
000410	beta
000411	gamma
000412	gamma
000413	beta
000414	beta
000415	others
000416	beta
000417	beta
000418	gamma
000419	beta
000420	beta
000421	gamma
000422	others
000423	beta
000424	beta
000425	proton
000426	beta
000427	beta
000428	gamma
000429	beta
000430	gamma
000431	beta
000432	beta
000433	beta
000434	gamma
000435	beta
000436	gamma
000437	gamma
000438	gamma
000439	beta
000440	beta
000441	alpha
000442	proton
000443	beta
000444	others
000445	gamma
000446	beta
000447	gamma
000448	beta
000449	beta
000450	beta
000451	beta
000452	beta
000453	beta
000454	beta
000455	others
000456	proton
000457	proton
000458	beta
000459	proton
000460	gamma
000461	beta
000462	beta
000463	beta
000464	beta
000465	muon
000466	gamma
000467	beta
000468	beta
000469	gamma
000470	proton
000471	proton
000472	beta
000473	proton
000474	gamma
000475	beta
000476	beta
000477	beta
000478	beta
000479	gamma
000480	gamma
000481	beta
000482	beta
000483	beta
000484	beta
000485	gamma
000486	beta
000487	gamma
000488	gamma
000489	beta
000490	beta
000491	gamma
000492	beta
000493	proton
000494	gamma
000495	beta
000496	beta
000497	gamma
000498	gamma
000499	beta
000500	proton
000501	gamma
000502	proton
000503	others
000504	beta
000505	beta
000506	gamma
000507	muon
000508	beta
000509	beta
000510	beta
000511	gamma
000512	proton
000513	gamma
000514	gamma
000515	gamma
000516	beta
000517	beta
000518	beta
000519	gamma
000520	beta
000521	beta
000522	beta
000523	beta
000524	gamma
000525	gamma
000526	proton
000527	beta
000528	beta
000529	beta
000530	gamma
000531	beta
000532	gamma
000533	gamma
000534	beta
000535	beta
000536	gamma
000537	gamma
000538	beta
000539	gamma
000540	beta
000541	proton
000542	beta
000543	gamma
000544	beta
000545	beta
000546	proton
000547	gamma
000548	proton
000549	beta
000550	beta
000551	beta
000552	beta
000553	beta
000554	gamma
000555	beta
000556	beta
000557	gamma
000558	beta
000559	beta
000560	beta
000561	beta
000562	beta
000563	gamma
000564	beta
000565	beta
000566	beta
000567	beta
000568	beta
000569	gamma
000570	beta
000571	beta
000572	beta
000573	gamma
000574	beta
000575	beta
000576	gamma
000577	beta
000578	beta
000579	beta
000580	beta
000581	beta
000582	gamma
000583	proton
000584	beta
000585	beta
000586	beta
000587	beta
000588	gamma
000589	beta
000590	beta
000591	beta
000592	proton
000593	others
000594	proton
000595	beta
000596	gamma
000597	gamma
000598	gamma
000599	gamma
000600	gamma
000601	beta
000602	beta
000603	beta
000604	alpha
000605	beta
000606	gamma
000607	gamma
000608	beta
000609	beta
000610	beta
000611	gamma
000612	beta
000613	gamma
000614	gamma
000615	beta
000616	gamma
000617	proton
000618	beta
000619	others
000620	beta
000621	beta
000622	gamma
000623	beta
000624	beta
000625	gamma
000626	beta
000627	beta
000628	gamma
000629	beta
000630	beta
000631	beta
000632	gamma
000633	beta
000634	beta
000635	muon
000636	gamma
000637	gamma
000638	beta
000639	alpha
000640	beta
000641	beta
000642	beta
000643	beta
000644	gamma
000645	beta
000646	gamma
000647	beta
000648	beta
000649	proton
000650	gamma
000651	beta
000652	beta
000653	beta
000654	muon
000655	beta
000656	beta
000657	gamma
000658	gamma
000659	gamma
000660	beta
000661	gamma
000662	beta
000663	gamma
000664	beta
000665	gamma
000666	proton
000667	beta
000668	beta
000669	proton
000670	gamma
000671	beta
000672	beta
000673	gamma
000674	proton
000675	gamma
000676	gamma
000677	muon
000678	gamma
000679	beta
000680	proton
000681	beta
000682	gamma
000683	proton
000684	beta
000685	beta
000686	gamma
000687	beta
000688	beta
000689	gamma
000690	beta
000691	gamma
000692	beta
000693	gamma
000694	beta
000695	beta
000696	gamma
000697	others
000698	gamma
000699	beta
000700	beta
000701	gamma
000702	gamma
000703	beta
000704	beta
000705	beta
000706	others
000707	beta
000708	gamma
000709	beta
000710	beta
000711	proton
000712	beta
000713	proton
000714	muon
000715	beta
000716	proton
000717	gamma
000718	beta
000719	beta
000720	gamma
000721	gamma
000722	beta
000723	beta
000724	beta
000725	beta
000726	muon
000727	gamma
000728	beta
000729	beta
000730	gamma
000731	gamma
000732	gamma
000733	beta
000734	proton
000735	beta
000736	beta
000737	beta
000738	beta
000739	gamma
000740	gamma
000741	beta
000742	gamma
000743	gamma
000744	gamma
000745	beta
000746	beta
000747	proton
000748	beta
000749	beta
000750	beta
000751	gamma
000752	beta
000753	beta
000754	beta
000755	gamma
000756	gamma
000757	beta
000758	beta
000759	beta
000760	beta
000761	beta
000762	gamma
000763	beta
000764	beta
000765	beta
000766	beta
000767	muon
000768	muon
000769	beta
000770	gamma
000771	proton
000772	beta
000773	gamma
000774	beta
000775	beta
000776	gamma
000777	gamma
000778	gamma
000779	muon
000780	proton
000781	beta
000782	beta
000783	beta
000784	gamma
000785	beta
000786	beta
000787	gamma
000788	gamma
000789	beta
000790	proton
000791	beta
000792	beta
000793	proton
000794	beta
000795	beta
000796	gamma
000797	beta
000798	beta
000799	beta
000800	gamma
000801	proton
000802	gamma
000803	gamma
000804	beta
000805	beta
000806	beta
000807	beta
000808	gamma
000809	beta
000810	beta
000811	beta
000812	proton
000813	beta
000814	proton
000815	beta
000816	beta
000817	beta
000818	gamma
000819	beta
000820	beta
000821	gamma
000822	beta
000823	proton
000824	proton
000825	gamma
000826	gamma
000827	beta
000828	beta
000829	gamma
000830	beta
000831	gamma
000832	beta
000833	beta
000834	beta
000835	gamma
000836	beta
000837	beta
000838	beta
000839	others
000840	beta
000841	beta
000842	beta
000843	gamma
000844	beta
000845	beta
000846	gamma
000847	beta
000848	beta
000849	beta
000850	gamma
000851	muon
000852	beta
000853	beta
000854	beta
000855	gamma
000856	gamma
000857	proton
000858	beta
000859	gamma
000860	beta
000861	proton
000862	gamma
000863	beta
000864	beta
000865	beta
000866	gamma
000867	alpha
000868	beta
000869	gamma
000870	gamma
000871	beta
000872	beta
000873	others
000874	gamma
000875	beta
000876	gamma
000877	beta
000878	beta
000879	gamma
000880	gamma
000881	beta
000882	gamma
000883	beta
000884	beta
000885	proton
000886	beta
000887	beta
000888	gamma
000889	gamma
000890	gamma
000891	beta
000892	beta
000893	gamma
000894	beta
000895	muon
000896	beta
000897	beta
000898	gamma
000899	gamma
000900	beta
000901	gamma
000902	beta
000903	gamma
000904	gamma
000905	gamma
000906	beta
000907	beta
000908	beta
000909	beta
000910	beta
000911	beta
000912	gamma
000913	beta
000914	beta
000915	beta
000916	proton
000917	beta
000918	beta
000919	beta
000920	beta
000921	beta
000922	beta
000923	gamma
000924	alpha
000925	beta
000926	beta
000927	gamma
000928	beta
000929	beta
000930	beta
000931	gamma
000932	proton
000933	proton
000934	beta
000935	beta
000936	gamma
000937	beta
000938	beta
000939	gamma
000940	gamma
000941	beta
000942	alpha
000943	beta
000944	alpha
000945	beta
000946	beta
000947	beta
000948	beta
000949	beta
000950	proton
000951	beta
000952	gamma
000953	beta
000954	gamma
000955	gamma
000956	gamma
000957	proton
000958	proton
000959	proton
000960	beta
000961	gamma
000962	beta
000963	proton
000964	gamma
000965	beta
000966	beta
000967	beta
000968	proton
000969	gamma
000970	gamma
000971	gamma
000972	beta
000973	gamma
000974	proton
000975	beta
000976	beta
000977	gamma
000978	gamma
000979	gamma
000980	gamma
000981	beta
000982	beta
000983	gamma
000984	gamma
000985	gamma
000986	beta
000987	beta
000988	beta
000989	gamma
000990	others
000991	gamma
000992	beta
000993	beta
000994	beta
000995	gamma
000996	beta
000997	beta
000998	beta
000999	beta
001000	beta
001001	beta
001002	beta
001003	gamma
001004	gamma
001005	beta
001006	beta
001007	beta
001008	beta
001009	gamma
001010	beta
001011	beta
001012	beta
001013	beta
001014	gamma
001015	beta
001016	beta
001017	beta
001018	gamma
001019	beta
001020	gamma
001021	beta
001022	beta
001023	beta
001024	beta
001025	beta
001026	proton
001027	beta
001028	muon
001029	gamma
001030	gamma
001031	beta
001032	beta
001033	gamma
001034	beta
001035	beta
001036	beta
001037	gamma
001038	beta
001039	beta
001040	beta
001041	proton
001042	gamma
001043	beta
001044	beta
001045	beta
001046	beta
001047	beta
001048	gamma
001049	beta
001050	beta
001051	beta
001052	gamma
001053	beta
001054	beta
001055	gamma
001056	proton
001057	beta
001058	beta
001059	beta
001060	beta
001061	beta
001062	beta
001063	gamma
001064	gamma
001065	alpha
001066	proton
001067	gamma
001068	beta
001069	gamma
001070	beta
001071	gamma
001072	beta
001073	gamma
001074	beta
001075	proton
001076	beta
001077	beta
001078	proton
001079	gamma
001080	gamma
001081	gamma
001082	beta
001083	beta
001084	gamma
001085	beta
001086	beta
001087	beta
001088	beta
001089	beta
001090	beta
001091	beta
001092	gamma
001093	beta
001094	beta
001095	beta
001096	beta
001097	gamma
001098	beta
001099	alpha
001100	proton
001101	others
001102	gamma
001103	beta
001104	proton
001105	beta
001106	proton
001107	gamma
001108	beta
001109	gamma
001110	beta
001111	proton
001112	gamma
001113	beta
001114	gamma
001115	beta
001116	beta
001117	beta
001118	beta
001119	beta
001120	beta
001121	beta
001122	beta
001123	gamma
001124	beta
001125	beta
001126	beta
001127	gamma
001128	beta
001129	beta
001130	beta
001131	beta
001132	gamma
001133	others
001134	gamma
001135	beta
001136	proton
001137	beta
001138	gamma
001139	gamma
001140	beta
001141	beta
001142	beta
001143	proton
001144	beta
001145	muon
001146	proton
001147	beta
001148	beta
001149	beta
001150	gamma
001151	alpha
001152	gamma
001153	gamma
001154	muon
001155	beta
001156	beta
001157	gamma
001158	beta
001159	proton
001160	beta
001161	beta
001162	beta
001163	beta
001164	beta
001165	others
001166	beta
001167	gamma
001168	gamma
001169	beta
001170	gamma
001171	gamma
001172	beta
001173	gamma
001174	gamma
001175	beta
001176	gamma
001177	gamma
001178	beta
001179	beta
001180	beta
001181	beta
001182	beta
001183	beta
001184	gamma
001185	others
001186	proton
001187	beta
001188	gamma
001189	beta
001190	beta
001191	beta
001192	gamma
001193	beta
001194	beta
001195	beta
001196	beta
001197	others
001198	beta
001199	gamma
001200	proton
001201	beta
001202	gamma
001203	beta
001204	beta
001205	proton
001206	proton
001207	muon
001208	gamma
001209	proton
001210	beta
001211	beta
001212	proton
001213	beta
001214	beta
001215	beta
001216	beta
001217	proton
001218	beta
001219	others
001220	beta
001221	gamma
001222	gamma
001223	gamma
001224	beta
001225	beta
001226	beta
001227	gamma
001228	beta
001229	beta
001230	beta
001231	beta
001232	beta
001233	proton
001234	beta
001235	gamma
001236	gamma
001237	beta
001238	beta
001239	alpha
001240	beta
001241	others
001242	gamma
001243	beta
001244	beta
001245	gamma
001246	gamma
001247	others
001248	proton
001249	beta
001250	gamma
001251	gamma
001252	gamma
001253	gamma
001254	proton
001255	beta
001256	proton
001257	gamma
001258	beta
001259	beta
001260	others
001261	beta
001262	beta
001263	gamma
001264	beta
001265	gamma
001266	beta
001267	beta
001268	beta
001269	beta
001270	gamma
001271	gamma
001272	beta
001273	gamma
001274	alpha
001275	beta
001276	beta
001277	beta
001278	gamma
001279	beta
001280	gamma
001281	beta
001282	proton
001283	beta
001284	beta
001285	gamma
001286	gamma
001287	gamma
001288	beta
001289	gamma
001290	gamma
001291	beta
001292	others
001293	proton
001294	gamma
001295	beta
001296	beta
001297	beta
001298	proton
001299	beta
001300	beta
001301	gamma
001302	gamma
001303	gamma
001304	beta
001305	beta
001306	others
001307	proton
001308	beta
001309	proton
001310	beta
001311	gamma
001312	gamma
001313	beta
001314	beta
001315	beta
001316	beta
001317	beta
001318	beta
001319	beta
001320	gamma
001321	beta
001322	gamma
001323	beta
001324	gamma
001325	beta
001326	beta
001327	proton
001328	beta
001329	gamma
001330	gamma
001331	gamma
001332	beta
001333	beta
001334	beta
001335	beta
001336	gamma
001337	beta
001338	beta
001339	beta
001340	proton
001341	others
001342	gamma
001343	beta
001344	beta
001345	beta
001346	gamma
001347	beta
001348	beta
001349	beta
001350	beta
001351	gamma
001352	gamma
001353	gamma
001354	beta
001355	gamma
001356	beta
001357	gamma
001358	beta
001359	others
001360	beta
001361	muon
001362	gamma
001363	proton
001364	beta
001365	beta
001366	gamma
001367	gamma
001368	beta
001369	beta
001370	beta
001371	gamma
001372	gamma
001373	beta
001374	beta
001375	beta
001376	gamma
001377	gamma
001378	others
001379	beta
001380	beta
001381	beta
001382	beta
001383	others
001384	beta
001385	others
001386	gamma
001387	proton
001388	proton
001389	gamma
001390	beta
001391	beta
001392	gamma
001393	gamma
001394	proton
001395	beta
001396	gamma
001397	gamma
001398	beta
001399	beta
001400	gamma
001401	gamma
001402	beta
001403	beta
001404	gamma
001405	gamma
001406	others
001407	proton
001408	gamma
001409	gamma
001410	beta
001411	beta
001412	others
001413	beta
001414	others
001415	beta
001416	alpha
001417	gamma
001418	beta
001419	beta
001420	gamma
001421	beta
001422	beta
001423	gamma
001424	beta
001425	beta
001426	gamma
001427	beta
001428	beta
001429	gamma
001430	gamma
001431	beta
001432	beta
001433	beta
001434	gamma
001435	beta
001436	gamma
001437	beta
001438	gamma
001439	beta
001440	gamma
001441	beta
001442	beta
001443	gamma
001444	beta
001445	gamma
001446	beta
001447	gamma
001448	beta
001449	beta
001450	gamma
001451	beta
001452	beta
001453	beta
001454	proton
001455	gamma
001456	gamma
001457	beta
001458	gamma
001459	gamma
001460	gamma
001461	beta
001462	gamma
001463	gamma
001464	beta
001465	gamma
001466	gamma
001467	beta
001468	gamma
001469	proton
001470	beta
001471	gamma
001472	gamma
001473	beta
001474	beta
001475	beta
001476	others
001477	beta
001478	beta
001479	gamma
001480	gamma
001481	beta
001482	beta
001483	gamma
001484	beta
001485	beta
001486	beta
001487	proton
001488	gamma
001489	beta
001490	beta
001491	gamma
001492	gamma
001493	gamma
001494	beta
001495	gamma
001496	proton
001497	gamma
001498	gamma
001499	gamma
001500	gamma
001501	gamma
001502	proton
001503	proton
001504	gamma
001505	beta
001506	gamma
001507	beta
001508	beta
001509	beta
001510	beta
001511	proton
001512	proton
001513	proton
001514	gamma
001515	proton
001516	beta
001517	beta
001518	gamma
001519	beta
001520	beta
001521	beta
001522	gamma
001523	beta
001524	beta
001525	beta
001526	gamma
001527	beta
001528	beta
001529	proton
001530	alpha
001531	beta
001532	gamma
001533	beta
001534	beta
001535	proton
001536	gamma
001537	gamma
001538	beta
001539	gamma
001540	proton
001541	alpha
001542	beta
001543	gamma
001544	beta
001545	gamma
001546	beta
001547	proton
001548	gamma
001549	gamma
001550	beta
001551	proton
001552	beta
001553	beta
001554	beta
001555	beta
001556	beta
001557	gamma
001558	gamma
001559	gamma
001560	beta
001561	proton
001562	beta
001563	beta
001564	beta
001565	proton
001566	gamma
001567	proton
001568	beta
001569	gamma
001570	gamma
001571	gamma
001572	beta
001573	gamma
001574	gamma
001575	gamma
001576	beta
001577	gamma
001578	beta
001579	proton
001580	beta
001581	gamma
001582	gamma
001583	gamma
001584	beta
001585	beta
001586	gamma
001587	beta
001588	gamma
001589	beta
001590	alpha
001591	proton
001592	beta
001593	beta
001594	beta
001595	gamma
001596	beta
001597	beta
001598	beta
001599	proton
001600	gamma
001601	beta
001602	beta
001603	beta
001604	beta
001605	beta
001606	gamma
001607	beta
001608	gamma
001609	beta
001610	beta
001611	gamma
001612	gamma
001613	beta
001614	beta
001615	beta
001616	gamma
001617	beta
001618	beta
001619	proton
001620	proton
001621	gamma
001622	proton
001623	gamma
001624	beta
001625	beta
001626	gamma
001627	proton
001628	gamma
001629	gamma
001630	beta
001631	gamma
001632	beta
001633	gamma
001634	proton
001635	beta
001636	beta
001637	beta
001638	beta
001639	gamma
001640	others
001641	beta
001642	gamma
001643	beta
001644	beta
001645	gamma
001646	gamma
001647	beta
001648	beta
001649	beta
001650	beta
001651	proton
001652	beta
001653	beta
001654	gamma
001655	gamma
001656	beta
001657	beta
001658	gamma
001659	beta
001660	beta
001661	beta
001662	gamma
001663	beta
001664	beta
001665	beta
001666	beta
001667	beta
001668	beta
001669	gamma
001670	beta
001671	beta
001672	beta
001673	beta
001674	gamma
001675	gamma
001676	beta
001677	proton
001678	beta
001679	gamma
001680	beta
001681	gamma
001682	gamma
001683	gamma
001684	beta
001685	beta
001686	beta
001687	beta
001688	beta
001689	beta
001690	beta
001691	beta
001692	proton
001693	beta
001694	proton
001695	beta
001696	gamma
001697	proton
001698	beta
001699	beta
001700	beta
001701	proton
001702	beta
001703	proton
001704	gamma
001705	beta
001706	beta
001707	gamma
001708	beta
001709	proton
001710	proton
001711	beta
001712	beta
001713	alpha
001714	beta
001715	gamma
001716	beta
001717	proton
001718	gamma
001719	gamma
001720	muon
001721	gamma
001722	gamma
001723	beta
001724	beta
001725	others
001726	beta
001727	gamma
001728	beta
001729	beta
001730	beta
001731	gamma
001732	gamma
001733	gamma
001734	beta
001735	gamma
001736	proton
001737	beta
001738	beta
001739	beta
001740	beta
001741	beta
001742	proton
001743	beta
001744	beta
001745	gamma
001746	beta
001747	proton
001748	beta
001749	proton
001750	beta
001751	beta
001752	beta
001753	beta
001754	beta
001755	beta
001756	beta
001757	beta
001758	beta
001759	gamma
001760	beta
001761	beta
001762	gamma
001763	gamma
001764	beta
001765	gamma
001766	beta
001767	proton
001768	beta
001769	others
001770	beta
001771	proton
001772	beta
001773	beta
001774	beta
001775	gamma
001776	beta
001777	beta
001778	beta
001779	gamma
001780	beta
001781	beta
001782	beta
001783	beta
001784	others
001785	gamma
001786	beta
001787	beta
001788	proton
001789	beta
001790	beta
001791	gamma
001792	proton
001793	beta
001794	beta
001795	beta
001796	proton
001797	beta
001798	beta
001799	beta
001800	beta
001801	gamma
001802	beta
001803	gamma
001804	beta
001805	beta
001806	beta
001807	others
001808	muon
001809	gamma
001810	beta
001811	beta
001812	beta
001813	beta
001814	muon
001815	beta
001816	others
001817	proton
001818	gamma
001819	beta
001820	gamma
001821	beta
001822	alpha
001823	beta
001824	gamma
001825	beta
001826	others
001827	proton
001828	beta
001829	gamma
001830	proton
001831	gamma
001832	others
001833	beta
001834	proton
001835	beta
001836	gamma
001837	beta
001838	gamma
001839	gamma
001840	beta
001841	beta
001842	others
001843	proton
001844	beta
001845	beta
001846	gamma
001847	beta
001848	others
001849	others
001850	beta
001851	proton
001852	beta
001853	beta
001854	beta
001855	beta
001856	gamma
001857	beta
001858	beta
001859	proton
001860	gamma
001861	beta
001862	proton
001863	gamma
001864	beta
001865	beta
001866	beta
001867	gamma
001868	beta
001869	gamma
001870	muon
001871	beta
001872	beta
001873	beta
001874	gamma
001875	others
